images_real_moon0.png,
images_real_moon1.png,
images_real_moon2.png,
images_real_moon3.png,
images_real_moon4.png,
images_real_moon5.png,
images_real_moon6.png,
images_real_moon7.png,
images_real_moon8.png,
images_real_moon9.png,
images_real_moon10.png,
images_real_moon11.png,
images_real_moon12.png,
images_real_moon13.png,
images_real_moon14.png,
images_real_moon15.png,
images_real_moon16.png,
images_real_moon17.png,
images_real_moon18.png,
images_real_moon19.png,
images_real_moon20.png,
images_real_moon21.png,
images_real_moon22.png,
images_real_moon23.png,
images_real_moon24.png,
images_real_moon25.png,
images_real_moon26.png,
images_real_moon27.png,
images_real_moon28.png,
images_real_moon29.png,
images_real_moon30.png,
images_real_moon31.png,
images_real_moon32.png,
images_real_moon33.png,
images_real_moon34.png,
images_real_moon35.png,
images_real_moon36.png,
images_real_moon37.png,
images_real_moon38.png,
images_real_moon39.png,
images_real_moon40.png,
images_real_moon41.png,
images_real_moon42.png,
images_real_moon43.png,
images_real_moon44.png,
images_real_moon45.png,
images_real_moon46.png,
images_real_moon47.png,
images_real_moon48.png,
images_real_moon49.png,
images_real_moon50.png,
images_real_moon51.png,
images_real_moon52.png,
images_real_moon53.png,
images_real_moon54.png,
images_real_moon55.png,
images_real_moon56.png,
images_real_moon57.png,
images_real_moon58.png,
images_real_moon59.png,
images_real_moon60.png,
images_real_moon61.png,
images_real_moon62.png,
images_real_moon63.png,
images_real_moon64.png,
images_real_moon65.png,
images_real_moon66.png,
images_real_moon67.png,
images_real_moon68.png,
images_real_moon69.png,
images_real_moon70.png,
images_real_moon71.png,
images_real_moon72.png,
images_real_moon73.png,
images_real_moon74.png,
images_real_moon75.png,
images_real_moon76.png,
images_real_moon77.png,
images_real_moon78.png,
images_real_moon79.png,
images_real_moon80.png,
images_real_moon81.png,
images_real_moon82.png,
images_real_moon83.png,
images_real_moon84.png,
images_real_moon85.png,
images_real_moon86.png,
images_real_moon87.png,
images_real_moon88.png,
images_real_moon89.png,
images_real_moon90.png,
images_real_moon91.png,
images_real_moon92.png,
images_real_moon93.png,
images_real_moon94.png,
images_real_moon95.png,
images_real_moon96.png,
images_real_moon97.png,
images_real_moon98.png,
images_real_moon99.png,
images_real_moon100.png,
images_real_moon101.png,
images_real_moon102.png,
images_real_moon103.png,
images_real_moon104.png,
images_real_moon105.png,
images_real_moon106.png,
images_real_moon107.png,
images_real_moon108.png,
images_real_moon109.png,
images_real_moon110.png,
images_real_moon111.png,
images_real_moon112.png,
images_real_moon113.png,
images_real_moon114.png,
images_real_moon115.png,
images_real_moon116.png,
images_real_moon117.png,
images_real_moon118.png,
images_real_moon119.png,
images_real_moon120.png,
images_real_moon121.png,
images_real_moon122.png,
images_real_moon123.png,
images_real_moon124.png,
images_real_moon125.png,
images_real_moon126.png,
images_real_moon127.png,
images_real_moon128.png,
images_real_moon129.png,
images_real_moon130.png,
images_real_moon131.png,
images_real_moon132.png,
images_real_moon133.png,
images_real_moon134.png,
images_real_moon135.png,
images_real_moon136.png,
images_real_moon137.png,
images_real_moon138.png,
images_real_moon139.png,
images_real_moon140.png,
images_real_moon141.png,
images_real_moon142.png,
images_real_moon143.png,
images_real_moon144.png,
images_real_moon145.png,
images_real_moon146.png,
images_real_moon147.png,
images_real_moon148.png,
images_real_moon149.png,
images_real_moon150.png,
images_real_moon151.png,
images_real_moon152.png,
images_real_moon153.png,
images_real_moon154.png,
images_real_moon155.png,
images_real_moon156.png,
images_real_moon157.png,
images_real_moon158.png,
images_real_moon159.png,
images_real_moon160.png,
images_real_moon161.png,
images_real_moon162.png,
images_real_moon163.png,
images_real_moon164.png,
images_real_moon165.png,
images_real_moon166.png,
images_real_moon167.png,
images_real_moon168.png,
images_real_moon169.png,
images_real_moon170.png,
images_real_moon171.png,
images_real_moon172.png,
images_real_moon173.png,
images_real_moon174.png,
images_real_moon175.png,
images_real_moon176.png,
images_real_moon177.png,
images_real_moon178.png,
images_real_moon179.png,
images_real_moon180.png,
images_real_moon181.png,
images_real_moon182.png,
images_real_moon183.png,
images_real_moon184.png,
images_real_moon185.png,
images_real_moon186.png,
images_real_moon187.png,
images_real_moon188.png,
images_real_moon189.png,
images_real_moon190.png,
images_real_moon191.png,