images_real_moon0.png,1
images_real_moon1.png,1
images_real_moon2.png,1
images_real_moon3.png,1
images_real_moon4.png,1
images_real_moon5.png,1
images_real_moon6.png,1
images_real_moon7.png,1
images_real_moon8.png,1
images_real_moon9.png,1
images_real_moon10.png,1
images_real_moon11.png,1
images_real_moon12.png,1
images_real_moon13.png,1
images_real_moon14.png,1
images_real_moon15.png,1
images_real_moon16.png,1
images_real_moon17.png,1
images_real_moon18.png,1
images_real_moon19.png,1
images_real_moon20.png,1
images_real_moon21.png,1
images_real_moon22.png,1
images_real_moon23.png,1
images_real_moon24.png,1
images_real_moon25.png,1
images_real_moon26.png,1
images_real_moon27.png,1
images_real_moon28.png,1
images_real_moon29.png,1
images_real_moon30.png,1
images_real_moon31.png,1
images_real_moon32.png,1
images_real_moon33.png,1
images_real_moon34.png,1
images_real_moon35.png,1
images_real_moon36.png,1
images_real_moon37.png,1
images_real_moon38.png,1
images_real_moon39.png,1
images_real_moon40.png,1
images_real_moon41.png,1
images_real_moon42.png,1
images_real_moon43.png,1
images_real_moon44.png,1
images_real_moon45.png,1
images_real_moon46.png,1
images_real_moon47.png,1
images_real_moon48.png,1
images_real_moon49.png,1
images_real_moon50.png,1
images_real_moon51.png,1
images_real_moon52.png,1
images_real_moon53.png,1
images_real_moon54.png,1
images_real_moon55.png,1
images_real_moon56.png,1
images_real_moon57.png,1
images_real_moon58.png,1
images_real_moon59.png,1
images_real_moon60.png,1
images_real_moon61.png,1
images_real_moon62.png,1
images_real_moon63.png,1
images_real_moon64.png,1
images_real_moon65.png,1
images_real_moon66.png,1
images_real_moon67.png,1
images_real_moon68.png,1
images_real_moon69.png,1
images_real_moon70.png,1
images_real_moon71.png,1
images_real_moon72.png,1
images_real_moon73.png,1
images_real_moon74.png,1
images_real_moon75.png,1
images_real_moon76.png,1
images_real_moon77.png,1
images_real_moon78.png,1
images_real_moon79.png,1
images_real_moon80.png,1
images_real_moon81.png,1
images_real_moon82.png,1
images_real_moon83.png,1
images_real_moon84.png,1
images_real_moon85.png,1
images_real_moon86.png,1
images_real_moon87.png,1
images_real_moon88.png,1
images_real_moon89.png,1
images_real_moon90.png,1
images_real_moon91.png,1
images_real_moon92.png,1
images_real_moon93.png,1
images_real_moon94.png,1
images_real_moon95.png,1
images_real_moon96.png,1
images_real_moon97.png,1
images_real_moon98.png,1
images_real_moon99.png,1
images_real_moon100.png,1
images_real_moon101.png,1
images_real_moon102.png,1
images_real_moon103.png,1
images_real_moon104.png,1
images_real_moon105.png,1
images_real_moon106.png,1
images_real_moon107.png,1
images_real_moon108.png,1
images_real_moon109.png,1
images_real_moon110.png,1
images_real_moon111.png,1
images_real_moon112.png,1
images_real_moon113.png,1
images_real_moon114.png,1
images_real_moon115.png,1
images_real_moon116.png,1
images_real_moon117.png,1
images_real_moon118.png,1
images_real_moon119.png,1
images_real_moon120.png,1
images_real_moon121.png,1
images_real_moon122.png,1
images_real_moon123.png,1
images_real_moon124.png,1
images_real_moon125.png,1
images_real_moon126.png,1
images_real_moon127.png,1
images_real_moon128.png,1
images_real_moon129.png,1
images_real_moon130.png,1
images_real_moon131.png,1
images_real_moon132.png,1
images_real_moon133.png,1
images_real_moon134.png,1
images_real_moon135.png,1
images_real_moon136.png,1
images_real_moon137.png,1
images_real_moon138.png,1
images_real_moon139.png,1
images_real_moon140.png,1
images_real_moon141.png,1
images_real_moon142.png,1
images_real_moon143.png,1
images_real_moon144.png,1
images_real_moon145.png,1
images_real_moon146.png,1
images_real_moon147.png,1
images_real_moon148.png,1
images_real_moon149.png,1
images_real_moon150.png,1
images_real_moon151.png,1
images_real_moon152.png,1
images_real_moon153.png,1
images_real_moon154.png,1
images_real_moon155.png,1
images_real_moon156.png,1
images_real_moon157.png,1
images_real_moon158.png,1
images_real_moon159.png,1
images_real_moon160.png,1
images_real_moon161.png,1
images_real_moon162.png,1
images_real_moon163.png,1
images_real_moon164.png,1
images_real_moon165.png,1
images_real_moon166.png,1
images_real_moon167.png,1
images_real_moon168.png,1
images_real_moon169.png,1
images_real_moon170.png,1
images_real_moon171.png,1
images_real_moon172.png,1
images_real_moon173.png,1
images_real_moon174.png,1
images_real_moon175.png,1
images_real_moon176.png,1
images_real_moon177.png,1
images_real_moon178.png,1
images_real_moon179.png,1
images_real_moon180.png,1
images_real_moon181.png,1
images_real_moon182.png,1
images_real_moon183.png,1
images_real_moon184.png,1
images_real_moon185.png,1
images_real_moon186.png,1
images_real_moon187.png,1
images_real_moon188.png,1
images_real_moon189.png,1
images_real_moon190.png,1
images_real_moon191.png,1
adv_img_0.png,0
adv_img_1.png,0
adv_img_2.png,0
adv_img_3.png,0
adv_img_4.png,0
adv_img_5.png,0
adv_img_6.png,0
adv_img_7.png,0
adv_img_8.png,0
adv_img_9.png,0
adv_img_10.png,0
adv_img_11.png,0
adv_img_12.png,0
adv_img_13.png,0
adv_img_14.png,0
adv_img_15.png,0
adv_img_16.png,0
adv_img_17.png,0
adv_img_18.png,0
adv_img_19.png,0
adv_img_20.png,0
adv_img_21.png,0
adv_img_22.png,0
adv_img_23.png,0
adv_img_24.png,0
adv_img_25.png,0
adv_img_26.png,0
adv_img_27.png,0
adv_img_28.png,0
adv_img_29.png,0
adv_img_30.png,0
adv_img_31.png,0
adv_img_32.png,0
adv_img_33.png,0
adv_img_34.png,0
adv_img_35.png,0
adv_img_36.png,0
adv_img_37.png,0
adv_img_38.png,0
adv_img_39.png,0
adv_img_40.png,0
adv_img_41.png,0
adv_img_42.png,0
adv_img_43.png,0
adv_img_44.png,0
adv_img_45.png,0
adv_img_46.png,0
adv_img_47.png,0
adv_img_48.png,0
adv_img_49.png,0
adv_img_50.png,0
adv_img_51.png,0
adv_img_52.png,0
adv_img_53.png,0
adv_img_54.png,0
adv_img_55.png,0
adv_img_56.png,0
adv_img_57.png,0
adv_img_58.png,0
adv_img_59.png,0
adv_img_60.png,0
adv_img_61.png,0
adv_img_62.png,0
adv_img_63.png,0
adv_img_64.png,0
adv_img_65.png,0
adv_img_66.png,0
adv_img_67.png,0
adv_img_68.png,0
adv_img_69.png,0
adv_img_70.png,0
adv_img_71.png,0
adv_img_72.png,0
adv_img_73.png,0
adv_img_74.png,0
adv_img_75.png,0
adv_img_76.png,0
adv_img_77.png,0
adv_img_78.png,0
adv_img_79.png,0
adv_img_80.png,0
adv_img_81.png,0
adv_img_82.png,0
adv_img_83.png,0
adv_img_84.png,0
adv_img_85.png,0
adv_img_86.png,0
adv_img_87.png,0
adv_img_88.png,0
adv_img_89.png,0
adv_img_90.png,0
adv_img_91.png,0
adv_img_92.png,0
adv_img_93.png,0
adv_img_94.png,0
adv_img_95.png,0
adv_img_96.png,0
adv_img_97.png,0
adv_img_98.png,0
adv_img_99.png,0
adv_img_100.png,0
adv_img_101.png,0
adv_img_102.png,0
adv_img_103.png,0
adv_img_104.png,0
adv_img_105.png,0
adv_img_106.png,0
adv_img_107.png,0
adv_img_108.png,0
adv_img_109.png,0
adv_img_110.png,0
adv_img_111.png,0
adv_img_112.png,0
adv_img_113.png,0
adv_img_114.png,0
adv_img_115.png,0
adv_img_116.png,0
adv_img_117.png,0
adv_img_118.png,0
adv_img_119.png,0
adv_img_120.png,0
adv_img_121.png,0
adv_img_122.png,0
adv_img_123.png,0
adv_img_124.png,0
adv_img_125.png,0
adv_img_126.png,0
adv_img_127.png,0
adv_img_128.png,0
adv_img_129.png,0
adv_img_130.png,0
adv_img_131.png,0
adv_img_132.png,0
adv_img_133.png,0
adv_img_134.png,0
adv_img_135.png,0
adv_img_136.png,0
adv_img_137.png,0
adv_img_138.png,0
adv_img_139.png,0
adv_img_140.png,0
adv_img_141.png,0
adv_img_142.png,0
adv_img_143.png,0
adv_img_144.png,0
adv_img_145.png,0
adv_img_146.png,0
adv_img_147.png,0
adv_img_148.png,0
adv_img_149.png,0
adv_img_150.png,0
adv_img_151.png,0
adv_img_152.png,0
adv_img_153.png,0
adv_img_154.png,0
adv_img_155.png,0
adv_img_156.png,0
adv_img_157.png,0
adv_img_158.png,0
adv_img_159.png,0
adv_img_160.png,0
adv_img_161.png,0
adv_img_162.png,0
adv_img_163.png,0
adv_img_164.png,0
adv_img_165.png,0
adv_img_166.png,0
adv_img_167.png,0
adv_img_168.png,0
adv_img_169.png,0
adv_img_170.png,0
adv_img_171.png,0
adv_img_172.png,0
adv_img_173.png,0
adv_img_174.png,0
adv_img_175.png,0
adv_img_176.png,0
adv_img_177.png,0
adv_img_178.png,0
adv_img_179.png,0
adv_img_180.png,0
adv_img_181.png,0
adv_img_182.png,0
adv_img_183.png,0
adv_img_184.png,0
adv_img_185.png,0
adv_img_186.png,0
adv_img_187.png,0
adv_img_188.png,0
adv_img_189.png,0
adv_img_190.png,0
adv_img_191.png,0